ID,Year,Title,Type
merged275,2018,Algoritmic music composition based on artificial intelligence: A survey,inproceedings
merged118,2018,Artificial Intelligence based 5G Coverage Design and optimization using Deep Generative Adversarial Neural Networks,inproceedings
merged177,2018,Generative models for direct generation of CNC toolpaths,inproceedings
merged279,2019,Application Research of Artificial Intelligence in the Fifth Generation Mobile Communication Technology,inproceedings
merged115,2019,Interpolation of CNC Toolpaths using Generative Adversarial Networks,inproceedings
merged349,2019,Is Artificial Intelligence New to Multimedia?,article
merged319,2019,Review and Prospect of Research on Generative Adversarial Networks,inproceedings
merged297,2019,The Technology Adoption and Governance of Artificial Intelligence in the Philippines,inproceedings
merged18,2020,,book
merged339,2020,Design and Implementation of an Infrared Image Generative Model,inproceedings
merged344,2020,Fundamentals of Artificial Intelligence in Power Transformers Smart Design,inproceedings
merged309,2020,Generative Adversarial Neural Network for Creating Photorealistic Images,inproceedings
merged131,2020,Noise Reduction Algorithm for Communication based on Improved Generative Adversarial Network,inproceedings
merged13,2020,Opportunities and Challenges of Generative Artificial Intelligence in Facilitating Learning for Chinese University Students,inproceedings
merged152,2020,Supporting Aquaculture in the Chesapeake Bay Using Artificial Intelligence to Detect Poor Water Quality with Remote Sensing,inproceedings
merged350,2021,Artificial (or) Fake Human Face Generator using Generative Adversarial Network (GAN) Machine Learning Model,inproceedings
merged355,2021,Artificial Computed Tomography Images with Progressively Growing Generative Adversarial Network,inproceedings
merged371,2021,Artificial Intelligence and the Carousel of Soft Law,article
merged370,2021,Artificial intelligence for satellite communication: A review,article
merged85,2021,Artificial Intelligence Governance Structure Association Model Based on BP Neural Network,inproceedings
merged225,2021,Comparing Performance and Efficiency of Designers and Design Intelligence,inproceedings
merged4,2021,Design and application of a web front-end development course training platform based on generative artificial intelligence and low code development,inproceedings
merged147,2021,Generative Adversarial Network Applications in Creating a Meta-Universe,inproceedings
merged3,2021,Research and Analysis on the Application of Generative Artificial Intelligence Technology in Product Design,inproceedings
merged301,2021,"The comparison between Conditional Generative Adversarial Nets and Deep Convolutional Generative Adversarial Network, and its GUI-related application",inproceedings
merged113,2021,Theoretical considerations on application of artificial intelligence in coordinate metrology,inproceedings
merged37,2021,Trusted Artificial Intelligence: Technique Requirements and Best Practices,inproceedings
merged148,2021,Trusted Artificial Intelligence: Technique Requirements and Best Practices,inproceedings
merged330,2022,A Study on the Collision of Artificial Intelligence and Art Based on Generative Adversarial Networks (GAN),inproceedings
merged50,2022,A Survey of Application of Artificial Intelligence Methods in SDN,inproceedings
merged126,2022,A Survey of Hybrid Human-Artificial Intelligence for Social Computing,article
merged320,2022,Anomaly Detection Based on Semi-Supervised Generative Adversarial Networks,inproceedings
merged236,2022,Artificial Intelligence Crime: An Overview of Malicious Use and Abuse of AI,article
merged285,2022,Machine Expertise in the Loop: Artificial Intelligence Decision-Making Inputs and Cyber Conflict,inproceedings
merged466,2022,News from Generative Artificial Intelligence Is Believed Less,inproceedings
merged179,2022,Role of artificial intelligence and machine learning in diagnosis and treatment of women centric cancer,inbook
merged15,2022,Social Dangers of Generative Artificial Intelligence: Review and Guidelines,inproceedings
merged215,2022,The Impact of Artificial Intelligence Painting on Contemporary Art From Disco Diffusion's Painting Creation Experiment,inproceedings
merged313,2022,Using Deep Learning Techniques for Diagnosis & Treatment with COVID-19 & AI Technology,inproceedings
merged353,2023,10 Explainable Artificial Intelligence Applications in Dentistry: A Theoretical Research,inbook
merged142,2023,A Bibliometric View of AI Ethics Development,inproceedings
merged376,2023,Advances in AI: Employing Deep Generative Models for the Creation of Synthetic Healthcare Datasets to Improve Predictive Analytics,inproceedings
merged248,2023,Adversarial Attacks and Defense on an Aircraft Classification Model Using a Generative Adversarial Network,inproceedings
merged395,2023,AI for Automated Thoracic Disease Assessment from X-Ray Imaging: a Review,inproceedings
merged270,2023,AI-Driven Drug Discovery: Unravelling the Potential of Generative Adversarial Networks (GANs) in Pharmaceutical Research,inproceedings
merged383,2023,AI4S Based on DeSci: Reference Model and Research Issues,inproceedings
merged439,2023,An Autoethnographic Case Study of Generative Artificial Intelligence's Utility for Accessibility,inproceedings
merged44,2023,Analysis of the Priorities and Perspectives in Artificial Intelligence Implementation,inproceedings
merged84,2023,Analysis of the Technical Principles of ChatGPT and Prospects for Pre-trained Large Models,inproceedings
merged114,2023,Application of Generative Artificial Intelligence in English Education: Taking ChatGPT System as An Example,inproceedings
merged139,2023,Application of Generative Artificial Intelligence to Assessment and Curriculum Design for Project-Based Learning,inproceedings
merged103,2023,Artificial Intelligence (AI) for Improving Performance at the Cutting Edge of Medical Imaging,inproceedings
merged394,2023,Artificial Intelligence and Academic Research: An Exploratory Study with Master's Students,inproceedings
merged28,2023,Artificial Intelligence and Classrooms: Ethics in the Use of Artificial Intelligence in Education,inproceedings
merged287,2023,Artificial Intelligence based Vehicular Networks: A step towards Smart Transportation System,inproceedings
merged20,2023,"Artificial Intelligence in Education – Emerging Trends, Thematic Analysis & Application in Lifelong Learning",inproceedings
merged311,2023,"Artificial intelligence in education, issues and potential of use in the teaching process",inproceedings
merged178,2023,Artificial Intelligence Involvement in Graphic Game Development,inproceedings
merged335,2023,Augmented Imagination: Exploring Generative AI from the Perspectives of Young Learners,inproceedings
merged390,2023,Augmenting Cybersecurity and Fraud Detection Using Artificial Intelligence Advancements,inproceedings
merged153,2023,AVA: A Photorealistic AI Bot for Human-like Interaction and Extended Reality,inproceedings
merged183,2023,Bibliometric study on artificial intelligence technologies for semiconductor defects,inproceedings
merged289,2023,Can China Catch Up to the United States in Generative Artificial Intelligence?,article
merged360,2023,Capabilities of Distributed Artificial Intelligence in Medicine,inproceedings
merged86,2023,Construction of English Teaching System Based on Deep Learning Models and Artificial Intelligence Technology,inproceedings
merged351,2023,"Demystification of Generative Artificial Intelligence (AI) Literacy, Algorithmic Thinking, Cognitive Divide, Pedagogical knowledge: A Comprehensive Model",inproceedings
merged298,2023,Design of an Ethical Framework for Artificial Intelligence in Cultural Heritage,inproceedings
merged212,2023,Education and Training for Future Engineering Teachers in the Age of Artificial Intelligence: A Bibliometric Analysis,inproceedings
merged302,2023,Embracing AI in Education,inbook
merged164,2023,Explainable Artificial Intelligence Methods in Combating Pandemics: A Systematic Review,article
merged241,2023,Exploring the Effects of Various Generative Adversarial Networks Techniques on Image Generation,inproceedings
merged499,2023,"GENERAL: GENerative, Explainable and Reasonable Artificial Learning",inproceedings
merged362,2023,Generation Z and Artificial Intelligence Tools on Their Investment Decisions,inproceedings
merged400,2023,High Fidelity Face Generation with Style Generative Adversarial Networks,inproceedings
merged81,2023,IEEE Draft Guide for an Architectural Framework for Explainable Artificial Intelligence,article
merged222,2023,Implementation of Artificial Intelligence Anime Stylization System Based on PyTorch,inproceedings
merged191,2023,Improve Information Service Capabilities from Content Aggregation to Knowledge Provision with Generative Pre-trained Transformer (GPT),inproceedings
merged336,2023,Investigating the Advancements in Generative Models,inproceedings
merged111,2023,Legal Risks and Governance Paths for Generative AI--A Case Study of ChatGPT,inproceedings
merged154,2023,Leveraging Deep Generative Model For Causal Effect Estimation in Healthcare,inproceedings
merged171,2023,"Literacy and Innovation Through Testing, Strategic Analysis and Debate on Artificial Intelligence Tools: Experience-IA in Journalism at University of Malaga",inproceedings
merged173,2023,LLM/GPT Generative AI and Artificial General Intelligence (AGI): The Next Frontier,inproceedings
merged10,2023,Multimodal Emotion Analysis of Online Product Marketing Information in Social Interaction and Internet Behavior Based on Generative Artificial Intelligence,inproceedings
merged385,2023,On Generating Synthetic Histopathology Images Using Generative Adversarial Networks,inproceedings
merged223,2023,Pre-made Empowering Artificial Intelligence and ChatGPT: The Growing Importance of Human AI-Experts,inproceedings
merged221,2023,Research on Artificial Intelligence Art Image Synthesis Algorithm Based on Generation Model,inproceedings
merged202,2023,Research on Artificial Intelligence Empowered Network Security,inproceedings
merged39,2023,Role of Artificial Intelligence based Chat Generative Pre-trained Transformer (ChatGPT) in Cyber Security,inproceedings
merged310,2023,Role of Artificial Intelligence in Agriculture: An Analysis and Advancements With Focus on Plant Diseases,article
merged292,2023,Safe AI: Ensuring Safe and Responsible Artificial Intelligence,inproceedings
merged321,2023,Short Term Prediction of Rainfall in Columbia Using a Generative Modeling Approach,inproceedings
merged156,2023,Tendencies and Challenges of Artificial Intelligence Development and Implementation,inproceedings
merged368,2023,The Fusion of AI and Music Generation: A Comprehensive Review,inproceedings
merged282,2023,The Impact of Artificial Intelligence on Art - A Systematic Literature Review,inproceedings
merged454,2023,Towards Characterizing Trust in Generative Artificial Intelligence among Students,inproceedings
merged67,2023,Towards trustworthy Artificial Intelligence: Security risk assessment methodology for Artificial Intelligence systems,inproceedings
merged160,2023,Transforming Work: The Impact of Artificial Intelligence (AI) on Modern Workplace,inproceedings
merged398,2023,Treatment for COVID-19 strains with artificial intelligence,inbook
merged94,2023,Unleashing the Power of Generative Artificial Intelligence: Exploring its Boundless Potential and Overcoming Challenges in Academic Environments,inproceedings
merged272,2023,Utilization of Artificial Intelligence in Academic Writing Class: L2 Learners Perspective,inproceedings
merged203,2023,"When, Where, and Which?: Navigating the Intersection of Computer Vision and Generative AI for Strategic Business Integration",article
merged296,2024,,book
merged169,2024,12 The intelligent implications of artificial intelligence-driven decision-making in business management,inbook
merged305,2024,16 Exploring the potential of artificial intelligence in wireless sensor networks,inbook
merged43,2024,6G-Enabled IoT Networks Cyber Threat Prevention Using Generative AI,inproceedings
merged6,2024,7th International Workshop on Software-intensive Business (IWSiB 2024): Software-intensive Business in the Era of Generative Artificial Intelligence,inproceedings
merged396,2024,A Culturally Sensitive Test to Evaluate Nuanced GPT Hallucination,article
merged128,2024,A Framework to Overcome the Dark Side of Generative Artificial Intelligence (GAI) Like ChatGPT in Social Media and Education,article
merged161,2024,A Generative Artificial Intelligence Based Tutor for Personalized Learning,inproceedings
merged251,2024,A Generative Artificial Intelligence Digital Influencer Model to be a University Goodwill Ambassador,inproceedings
merged33,2024,A Human-Centered Learning and Teaching Framework Using Generative Artificial Intelligence for Self-Regulated Learning Development Through Domain Knowledge Learning in K–12 Settings,article
merged465,2024,A Hybrid Prototype Method Combining Physical Models and Generative Artificial Intelligence to Support Creativity in Conceptual Design,article
merged227,2024,A Narrative Review of Utilizing Generative Artificial Intelligence in Classroom Instructions,inproceedings
merged245,2024,A Novel Enterprise Artificial Intelligence Architecture Framework (NAEF) for Business Capabilities to Decisions/Insights Analysis,inproceedings
merged458,2024,A Path Study of Generative Artificial Intelligence Enabling Online Education Platforms in Colleges and Universities,inproceedings
merged214,2024,A Software Architectural Model for Generative Artificial Intelligence with Reinforcement Learning,inproceedings
merged141,2024,A Study on Impact of Junior High School Students’ Programming Learning Effect Based on Generative Artificial Intelligence,inproceedings
merged462,2024,A Study on the Behavioral Intention of Primary and Secondary School Teachers Using Generative Artificial Intelligence in Teaching,inproceedings
merged31,2024,A Unified Generative Artificial Intelligence Approach for Converting Social Media Content,inproceedings
merged239,2024,Adoption of Generative AI in content creation: A case study from the advertising industry,inproceedings
merged146,2024,"Advancements in Artificial Intelligence for Better Image Analysis, Recognition, and Interpretation in the Field of Image Processing",inproceedings
merged365,2024,"Advancements in Generative AI: A Comprehensive Review of GANs, GPT, Autoencoders, Diffusion Model, and Transformers",article
merged165,2024,Advancing Abstract Reasoning in Artificial General Intelligence with a Hybrid Multi-Component Architecture,inproceedings
merged209,2024,Advantage of Using AI In Education to Enhance Learning: Review and Analysis,inproceedings
merged64,2024,AI at Your Service: Generative Artificial Intelligence and the Next Generation of Assistants,inproceedings
merged288,2024,AI vs. AI: The Detection Game,inproceedings
merged166,2024,AI-Augmented Software Development: Boosting Efficiency and Quality,inproceedings
merged38,2024,AI-Driven Automation in Social Media Marketing: Leveraging GANs for Content Creation,inproceedings
merged561,2024,AI-Driven Content Creation: Revolutionizing Educational Materials,inproceedings
merged388,2024,AI-SoS: A Strategic Framework for Integrating Artificial Intelligence in System of Systems,inproceedings
merged425,2024,Algorithm risks and governance considerations for Sora generative artificial intelligence,inproceedings
merged477,2024,Amplifying Learning and Teaching Effectiveness through Generative Artificial Intelligence: A Qualitative Approach with Case Studies on Supply Chain and Cold Chain Management,inproceedings
merged217,2024,An Artificial Intelligence Near-Field Probe Calibration Method Based on Generative Adversarial Network,inproceedings
merged328,2024,An Effective Personality Recognition Model Design using Generative Artificial Intelligence based Learning Principles,inproceedings
merged322,2024,"An Impactful and Revolutionized Educational Ecosystem using Generative AI to Assist and Assess the Teaching and Learning benefits, Fostering the Post-Pandemic Requirements",inproceedings
merged206,2024,An Overview of Artificial Intelligence's Accuracy,inproceedings
merged116,2024,Analysis of Recommender System Using Generative Artificial Intelligence: A Systematic Literature Review,article
merged473,2024,Analyzing Key Influencing Factors of University Teachers45 Use of Generative Artificial Intelligence in a Small-Sample Data Environment,inproceedings
merged562,2024,Analyzing the Application and Key Factors of CycleGAN in Style Transfer between Chinese Ink Paintings and Van Gogh's Artworks,inproceedings
merged159,2024,Analyzing the Challenges and Opportunities of Generative Artificial Intelligence in Iran’s Banking Industry,inproceedings
merged338,2024,Application Analysis of Generative Artificial Intelligence in The field of Open Source Intelligence,inproceedings
merged182,2024,Application of Artificial Intelligence in Interactive UI Design,inproceedings
merged352,2024,Application of Generative Artificial Intelligence in Art Design: Design Process Optimization,inproceedings
merged1,2024,Application of Generative Artificial Intelligence Technology in Customized Learning Path Design: A New Strategy for Higher Education,inproceedings
merged291,2024,Application Prospect of New Power System Based on Generative Artificial Intelligence,inproceedings
merged2,2024,Application Research of Generative Artificial Intelligence Technology in the Design and Art Course Teaching,inproceedings
merged262,2024,Application Research of Interactive Teaching Mode Based on AIGC generative Artificial Intelligence,inproceedings
merged524,2024,Applications of Generative AI in Fintech,inproceedings
merged581,2024,Applying DMC of Segmentation Strategy of Reward in Military Chess Game,inproceedings
merged110,2024,Artificial General Intelligence in Sight,inbook
merged197,2024,Artificial Intelligence and Cybernetical Learning,inbook
merged230,2024,Artificial Intelligence and Literary Creativity: Examining New Frontiers in English Literature,inproceedings
merged224,2024,Artificial Intelligence and the Future of Fashion: A Systematic Review on Sustainable and Circular Practices,inproceedings
merged192,2024,Artificial Intelligence as a Driver of Strategic Communications in the Period of Deep Mediatization,inproceedings
merged315,2024,"Artificial Intelligence Chatbots and Social Robots in Education: FEPER Framework for Efficiency, Pedagogical and Ethical Requirements",inproceedings
merged200,2024,Artificial Intelligence Driven Metaverse: Content Generation Technology and Innovation,inproceedings
merged357,2024,Artificial Intelligence in Product Management: Enhancing User Experience Personalization through GenAI,inproceedings
merged372,2024,Artificial Intelligence System Based on Visual Communication Using Convolutional Auto-Encoder and Convolutional Neural Network,inproceedings
merged66,2024,"Artificial Intelligence: Applications, Advances in Weather Forecasting, and Emerging Challenges",inproceedings
merged112,2024,Artificial Neural Network Based Improved Pelican Optimization Algorithm for 3D Printed Footwear Products Design in Artificial Intelligence,inproceedings
merged193,2024,At the Dawn of Generative AI Era: A Tutorial-cum-Survey on New Frontiers in 6G Wireless Intelligence,article
merged280,2024,Automated Artificial Intelligence Technology in Wireless Network Systems,inproceedings
merged406,2024,Automated Discourse Analysis via Generative Artificial Intelligence,inproceedings
merged430,2024,Automated Quality Assessment of Multimodal Mathematical Stories Generated by Generative Artificial Intelligence,inproceedings
merged255,2024,Automatic Generation of Multimedia Teaching Materials Based on Generative AI: Taking Tang Poetry as an Example,article
merged250,2024,Building Generative AI Chatbot Using Oracle Cloud Infrastructure,inproceedings
merged517,2024,Can Machines Tell What People Want? Bringing Situated Intelligence to Generative AI,inproceedings
merged329,2024,Challenges and Emerging Issues for Generative AI and Hyper Intelligence,inproceedings
merged478,2024,Challenges that generative artificial intelligence poses to higher education and management and the countermeasures— A visualized analysis of literature from 2019 to 2023 using CiteSpace,inproceedings
merged578,2024,Cluster information-driven graph convolutional networks for higher-order patterns prediction,inproceedings
merged72,2024,Co-Evolution of Interaction of Human Intelligence and Artificial Intelligence in the Innovation Process,inproceedings
merged184,2024,Comparative Analysis of Generative Artificial Intelligence Tools,inproceedings
merged136,2024,Comparing the Ideation Quality of Humans With Generative Artificial Intelligence,article
merged323,2024,Comparing UX Profile of Generative Artificial Intelligence Tools and Traditional Tools in Brainstorming Sessions: A Pilot Study,inproceedings
merged265,2024,Considering Artificial Intelligence and Machine Learning in Pharmaceutical Industries Research and Development,inproceedings
merged242,2024,Construction and Operation of a Generative Artificial Intelligence-Assisted Language Learning System,inproceedings
merged167,2024,Construction of an Artificial Intelligence-Powered Practical Training Platform for Humanoid Robot-Assisted Design in the Context of Discipline-Specific Competitions,inproceedings
merged80,2024,"Current State, Potentials and Challenges for the Use of Artificial Intelligence in the early Phase of Product Development: A Survey",inproceedings
merged238,2024,Data-Driven Artificial Intelligence in Education: A Comprehensive Review,article
merged187,2024,De&#x2010;Coding Visual Cliches and Verbal Biases: Hybrid Intelligence and Data Justice,inbook
merged381,2024,Decision-Making Framework for the Utilization of Generative Artificial Intelligence in Education: A Case Study of ChatGPT,article
merged108,2024,Design Analysis and Generation of Islamic Patterns Using Artificial Intelligence,inproceedings
merged571,2024,Designing Metadata for the Use of Artificial Intelligence in Academia,inproceedings
merged63,2024,Detecting and Preventing Child Cyberbullying using Generative Artificial Intelligence,inproceedings
merged520,2024,Developing AI Literacy through Discussion and Practice: A Reflection on an AI Seminar,inproceedings
merged317,2024,Digital Creative Product Design based on Hyper Parameter Tuned Deep Convolutional Neural Network using Artificial Intelligence Images,inproceedings
merged284,2024,Discussion on the Foundation of Logic in Artificial Intelligence,inproceedings
merged544,2024,Dye4AI: Assuring Data Boundary on Generative AI Services,inproceedings
merged459,2024,Early Adoption of Generative Artificial Intelligence in Computing Education: Emergent Student Use Cases and Perspectives in 2023,inproceedings
merged188,2024,Elephant Detection and Bee Frequency Deterrence System Using Artificial Intelligence,inproceedings
merged456,2024,EmoEden: Applying Generative Artificial Intelligence to Emotional Learning for Children with High-Function Autism,inproceedings
merged308,2024,Empowering SMEs “Harnessing the Potential of Gen AI for Resilience and Competitiveness”,article
merged21,2024,Engineers' Perspectives on the Use of Generative Artificial Intelligence Tools in the Workplace,article
merged210,2024,Enhancing Diagnostic Accuracy: The Role of AI in Advanced Radiological Imaging,inproceedings
merged505,2024,Enhancing Empathy Through Personalized AI-Driven Experiences and Conversations with Digital Humans in Video Games,inproceedings
merged266,2024,Enhancing Game Development Process Using AI: A Comparative Analysis of Image Generative AI,inproceedings
merged273,2024,Enhancing Research on Engineering Education: Empowering Research Skills through Generative Artificial Intelligence for Systematic Literature Reviews,inproceedings
merged119,2024,Estimating the Training Performance of Generative Adversarial Networks by Image Quality,inproceedings
merged138,2024,Ethics of Artificial Intelligence for Cultural Heritage: Opportunities and Challenges,article
merged314,2024,Evaluating Non-Expert Stakeholder Interaction with Artificial Intelligence on Energy Urban Domain Using VIRTSI: The Case of ChatGPT,inproceedings
merged506,2024,Evidence-centered Assessment for Writing with Generative AI,inproceedings
merged274,2024,Evolving Knowledge Management: Artificial Intelligence and the Dynamics of Social Interactions,article
merged124,2024,Examine the Role of Generative AI in Enhancing Threat Intelligence and Cyber Security Measures,inproceedings
merged90,2024,Experimental Research on Optimizing Intangible Cultural Heritage Artistic Creation Process Using Artificial Intelligence Technology,inproceedings
merged246,2024,Explainable AI in Manufacturing,inproceedings
merged65,2024,Explainable Artificial Intelligence for Deep Synthetic Data Generation Models,inproceedings
merged27,2024,Exploration and Reflection of Legal Artificial Intelligence in Japan,inproceedings
merged418,2024,Exploration and research of generative artificial intelligence on higher vocational education,inproceedings
merged170,2024,Exploration of the Reform of Programming Courses Based on Generative AI,inproceedings
merged249,2024,Exploring Educators’ Perceptions: Artificial Intelligence Integration in Higher Education,inproceedings
merged121,2024,Exploring Generative Artificial Intelligence Research: A Bibliometric Analysis Approach,article
merged96,2024,Exploring HEIs Students' Perceptions of Artificial Intelligence on their Learning Process,inproceedings
merged486,2024,Exploring Human-Centered Approaches in Generative AI and Introductory Programming Research: A Scoping Review,inproceedings
merged399,2024,Exploring into the Advancements of Deep Learning Technology: A Comprehensive Review,inproceedings
merged77,2024,Exploring the Artificial Intelligence Collaborative Writing Model for Research Articles,inproceedings
merged243,2024,Exploring the Creative Capacities of Generative AI: A Comparative Study,inproceedings
merged158,2024,"Exploring the Effect of Generative AI on Social Sustainability Through Integrating AI Attributes, TPB, and T-EESST: A Deep Learning-Based Hybrid SEM-ANN Approach",article
merged316,2024,Exploring the Frontiers of Unsupervised Learning Techniques for Diagnosis of Cardiovascular Disorder: A Systematic Review,article
merged384,2024,Exploring the Intersection of Generative AI and Cognitive Science: Insights and Implications,inproceedings
merged140,2024,Exploring the Transformative Potential of Generative Artificial Intelligence in Mechanical Engineering Education,inproceedings
merged276,2024,Fabric Defect Detection Systems and Methods in India: A Comprehensive Review,inproceedings
merged213,2024,Fostering Diversity and Knowledge in Artificial Intelligence: An Inclusive Platform of Career Insights and Resources from Conversations with Leaders in the Field,inproceedings
merged502,2024,From Prompt to Metaverse: User Perceptions of Personalized Spaces Crafted by Generative AI,inproceedings
merged438,2024,GAIIS '24: Proceedings of the 2024 International Conference on Generative Artificial Intelligence and Information Security,proceedings
merged129,2024,Generative AI and Emotional Health: Innovations with Haystack,inproceedings
merged318,2024,Generative AI for Custom Fashion Design Integrating AI with E Commerce Platforms,inproceedings
merged341,2024,Generative AI for NFTs using GANs,inproceedings
merged229,2024,"Generative AI for Transformative Healthcare: A Comprehensive Study of Emerging Models, Applications, Case Studies, and Limitations",article
merged133,2024,Generative AI in Education: A Bibliometric and Thematic Analysis,inproceedings
merged543,2024,Generative AI in Psychological Therapy: Perspectives on Computational Linguistics and Large Language Models in Written Behaviour Monitoring,inproceedings
merged553,2024,Generative AI Requires Broad Labor Policy Considerations,article
merged387,2024,Generative AI's Broad Spectrum of Applications,inbook
merged220,2024,"Generative AI, Ingenuity, and Law",article
merged55,2024,Generative AI: A Transformative Force in Business Intelligence,inproceedings
merged105,2024,Generative Artificial Intelligence Device to analysis the data for SAP based Data Management,inproceedings
merged244,2024,Generative Artificial Intelligence Impact on Education and Industry: An Ethical Dimension,inproceedings
merged283,2024,Generative Artificial Intelligence in Collaborative Ideation: Educational Insight From Fashion Students,article
merged226,2024,Generative Artificial Intelligence in Elementary School Science Teaching and Learning,inproceedings
merged162,2024,Generative Artificial Intelligence in Latin American Higher Education: A Systematic Literature Review,inproceedings
merged9,2024,Generative Artificial Intelligence in Learning Analytics: Contextualising Opportunities and Challenges through the Learning Analytics Cycle,inproceedings
merged34,2024,Generative Artificial Intelligence in Legal Drafting,inproceedings
merged106,2024,Generative Artificial Intelligence in Teaching and Learning of ICT Engineering Education: A Literature Review and Illustrative Scenarios,inproceedings
merged219,2024,Generative Artificial Intelligence Model Inspiring Personalization in Automotive Product Design,inproceedings
merged102,2024,"Generative Artificial Intelligence: Principles, Potentials and Challenges",inproceedings
merged91,2024,Generative Artificial Intelligence: Transforming the Future,inproceedings
merged489,2024,Generative Multi-Modal Artificial Intelligence for Dynamic Real-Time Context-Aware Content Creation in Augmented Reality,inproceedings
merged149,2024,GLIMPSES OF THE FUTURE: PREDICTING THE TRAJECTORY OF GENERATIVE AI,inbook
merged379,2024,Harnessing Generative AI for Educational Gamification: A Framework and Practical Guide for Educators,inproceedings
merged74,2024,Harnessing Generative AI for Manufacturing Innovation: Applications and Opportunities,inproceedings
merged263,2024,How Artificial Intelligence Helped the Humanity During the COVID-19 Pandemic: A Review,article
merged448,2024,How Can Generative Artificial Intelligence Techniques Facilitate Intelligent Research into Ancient Books?,article
merged419,2024,How Do Information Technology Professionals Use Generative Artificial Intelligence?,inproceedings
merged507,2024,How Generative AI Fits into Knowledge Work,article
merged523,2024,How Our AI-assisted Qualitative Analysis Failed,inproceedings
merged513,2024,How to Think about Remedies in the Generative AI Copyright Cases,article
merged52,2024,Human-Artificial Intelligence Synergy (AI): Leveraging Generative AI(GAI) to Empower the IT Workforce,inproceedings
merged25,2024,IEEE Guide for an Architectural Framework for Explainable Artificial Intelligence,article
merged95,2024,Impact of Artificial Intelligence on Global Healthcare Sector Performance,inproceedings
merged186,2024,Impact of Generative AI in Revolutionizing Education,inproceedings
merged211,2024,Impact of Generative Artificial Intelligence Deepfake Content on Digital Consumers: A Systematic Literature Review,inproceedings
merged442,2024,Impacts of the Usage of Generative Artificial Intelligence on Software Development Process,inproceedings
merged190,2024,Innovations and Applications of Generative Adversarial Networks (GANs),inproceedings
merged117,2024,Innovative Approaches in Artificial Intelligence: Current Trends Shaping the Technological Future,inproceedings
merged429,2024,Instructional Approaches Complementing the Use of Generative Artificial Intelligence in Higher Education,inproceedings
merged75,2024,Integrating Generative Artificial Intelligence to a Project-Based Tangible Interaction Course,article
merged228,2024,Integration of Generative Artificial Intelligence in Medicine - First Steps Toward an Ethical Risk Management Methodology,inproceedings
merged8,2024,Introduction to the research on the path of generative artificial intelligence technology ChatGPT to help teachers' professional development,inproceedings
merged71,2024,Investigating the Transformative Impact of Generative AI on Academic Integrity Across Diverse Educational Domains,inproceedings
merged332,2024,Key Insight Into Enhancing Medical Image Processing Through ChatGPT: Future Direction and Applications,inproceedings
merged446,2024,Learning Assessment for Open Education Learners in the Era of Generative Artificial Intelligence,inproceedings
merged247,2024,Learning Based on Generative AI With Image Synthesis and Data Augmentation Techniques,inproceedings
merged168,2024,Leveraging Generative AI in Creating Innovative and Functional Room Designs,inproceedings
merged331,2024,Lights Toward Adversarial Machine Learning: The Achilles Heel of Artificial Intelligence,article
merged514,2024,LIRAI'24: 2nd Workshop on Legal Information Retrieval meets Artificial Intelligence,inproceedings
merged569,2024,Literature Review as a Service: A Human-Centered Artificial Intelligence Approach,inproceedings
merged7,2024,Machine Learning on Graphs in the Era of Generative Artificial Intelligence,inproceedings
merged205,2024,MelanoTech: Development of a Mobile Application Infrastructure for Melanoma Cancer Diagnosis Based on Artificial Intelligence Technologies,inproceedings
merged427,2024,MuFIN: A Framework for Automating Multimodal Feedback Generation using Generative Artificial Intelligence,inproceedings
merged60,2024,Navigating Artificial Intelligence in Strategic Management in Schools and Organizations,inproceedings
merged580,2024,On The Performance of EMA-Synchronized Speech and Stand-alone Speech in Speech Recognition and Acoustic-to-Articulatory Inversion,inproceedings
merged36,2024,Optimisation of Manufacturing Workflow Through Generative Artificial Intelligence,inproceedings
merged135,2024,Optimization Design of Building Network Structure Based on Artificial Intelligence Algorithm and Data Set,inproceedings
merged363,2024,Optimizing Generative AI Integration in Higher Education: A Framework for Enhanced Student Engagement and Learning Outcomes,inproceedings
merged218,2024,Optimizing Logistic Regression for Predicting Teacher Job Satisfaction: An AI-Driven Approach to Faculty Development,inproceedings
merged366,2024,Ourmuse: Plot-Specific AI Music Generation for Video Advertising,inproceedings
merged515,2024,Overview of Artificial Intelligence Applications in Educational Research,inproceedings
merged457,2024,Path Exploration of Generative Artificial Intelligence Enabling the Construction of Civic Education in Primary and Secondary Schools,inproceedings
merged132,2024,Pathways and Strategies for Culturally Empowering Agricultural Product Branding through the Lens of Generative Artificial Intelligence,inproceedings
merged174,2024,Personalized Adaptive Learning Platform Empowered by Artificial Intelligence,inproceedings
merged426,2024,PlantoGraphy: Incorporating Iterative Design Process into Generative Artificial Intelligence for Landscape Rendering,inproceedings
merged450,2024,Policy Interventions and Regulations on Generative Artificial Intelligence: Key Gaps and Core Challenges,inproceedings
merged295,2024,Privacy and Security Concerns in Generative AI: A Comprehensive Survey,article
merged570,2024,Promoting Critical Consciousness in Students through Artifacts Co-creation with GAI,inproceedings
merged564,2024,Prompt Smells: An Omen for Undesirable Generative AI Outputs,inproceedings
merged560,2024,Quantization and Acceleration of YOLOv5 Vehicle Detection Based on GPU Chips,inproceedings
merged257,2024,Real-Time Human Pose Estimation Using Media-Pipe an Artificial Intelligence Applications in Health and Fitness,inproceedings
merged375,2024,Realtime AI Driven Environment Development for Virtual Metaverse,inproceedings
merged93,2024,"Recent Advances in Generative AI and Large Language Models: Current Status, Challenges, and Perspectives",article
merged549,2024,Recognition of Skin Cancer from Dermoscopic Images via DNN,inproceedings
merged345,2024,Redefining the Concept of Literacy: a DigCompEdu extension for Critical Engagement with AI tools,inproceedings
merged303,2024,Reflection on the use of Generative Language Models as a Tool for Teaching Design,inproceedings
merged555,2024,Research and application of neural network algorithm based on Water supply and drainage pipeline network,inproceedings
merged30,2024,Research on Algorithmic Ethics in Artificial Intelligence,inproceedings
merged556,2024,Research on Index Trend Prediction Based on Correlation of A-share Industry Sectors,inproceedings
merged522,2024,Research on Innovative Applications and Impacts of Using Generative AI for User Interface Design in Programming Courses,inproceedings
merged547,2024,Research on intelligent operation and maintenance system of distributed photovoltaic power station based on Internet of Things technology,inproceedings
merged566,2024,Research on Keyword Audio Mapping Library Based on Subjective Evaluation,inproceedings
merged559,2024,Research on Methodology of Intelligent Traffic Accident Detection based on Enhanced YOLOv8 Algorithm,inproceedings
merged582,2024,Research on Multi-feature EEG Emotion Recognition Method Based on 1D-Inception,inproceedings
merged49,2024,Research on Optimized Design of Generative Artificial Intelligence APP Based on Kano Model,inproceedings
merged577,2024,Research on sentiment analysis of Bi-LSTM model combining cosine annealing and multi-head attention,inproceedings
merged545,2024,Research on Stock Volatility Prediction Using Attention Mechanism Enhanced GRU Ensemble Model,inproceedings
merged233,2024,Research on the Acceptance Behavior of Accounting Professionals towards Large Language Models and Generative Artificial Intelligence: An Analysis Based on ChatGPT,inproceedings
merged122,2024,Research on the Application of AI Intelligence in the Field of Floral Design Under the Environment of Big Data,inproceedings
merged474,2024,Research on the educational application of generative artificial intelligence images in the design of semiotics learning models,inproceedings
merged195,2024,Research on the Effectiveness of Human-Machine Collaborative Teaching Based on Data Analysis in the Era of Digital Intelligence,inproceedings
merged479,2024,Research on the Maturity Evaluation of Generative Artificial Intelligence Industry under the Background of Digital Economy: A Case Study of Guangdong Province,inproceedings
merged460,2024,Research on the scenario application of generative artificial intelligence in ideological and political education of colleges and universities,inproceedings
merged445,2024,Research on the Transformation of Music Education Model under the Background of Generative Artificial Intelligence,inproceedings
merged48,2024,Research requirements of robustness evaluation technology of artificial intelligence model in power visual scene,inproceedings
merged294,2024,Review on Revolutionizing Viewer Experience in the Role of Generative AI in FAST Platforms,inproceedings
merged342,2024,Revolutionizing Literature Search: AI vs. Traditional Methods in Digital Divide Literature Screening and Reviewing,inproceedings
merged455,2024,Session details: TRACK 16: Implications of Generative Artificial Intelligence for Government,inproceedings
merged58,2024,Smart Mine: The Role of Artificial Intelligence in Modern Coal Extraction,inproceedings
merged567,2024,Soccer detection and data analysis based on Mask R-CNN and YOLOv3 algorithms,inproceedings
merged541,2024,Software Engineering Methods for AI-Driven Deductive Legal Reasoning,inproceedings
merged12,2024,Software Engineering Research in a World with Generative Artificial Intelligence,inproceedings
merged573,2024,Soil Profile Ruler Detection in YOLOv5,inproceedings
merged306,2024,SOP-GPT: A Framework for AI Agents Based on Artificial Intelligence-Generated Content,inproceedings
merged196,2024,Study of AI Development and Evaluation of New Techniques,inproceedings
merged120,2024,Study of perception on the use of generative artificial intelligence in higher-level students,inproceedings
merged151,2024,Study on the Network Attack and Defense Application of Generative Artificial Intelligence in Power System,inproceedings
merged463,2024,Teaching CS50 with AI: Leveraging Generative Artificial Intelligence in Computer Science Education,inproceedings
merged467,2024,Teaching CS50 with AI: Leveraging Generative Artificial Intelligence in Computer Science Education,inproceedings
merged59,2024,Telecom’s Artificial General Intelligence (AGI) Vision: Beyond the GenAI Frontier,article
merged23,2024,The Application of Artificial Intelligence in Data Preprocessing,inproceedings
merged472,2024,The Current Status and Trends of Research on the Impact of Generative Artificial Intelligence on Employment in China,inproceedings
merged46,2024,The Effect of Generative Artificial Intelligence on Students’ Academic Achievement: A Meta-analysis,inproceedings
merged73,2024,The Future of Driving: A Review on the Combination of Artificial Intelligence and Autonomous Vehicles,inproceedings
merged471,2024,The image-generative artificial intelligence Midjourney empowers Chinese landscape painting teaching and creation with positive nurturing,inproceedings
merged47,2024,The Impact of Artificial Intelligence in the Creative Industries: Design and Editing,inproceedings
merged57,2024,"The Impact of Generative Artificial Intelligence on Organizational Innovation Performance: Roles of AI Generated Content Quality, AI Experience, and AI Usage Environment",inproceedings
merged137,2024,The Influence of Responsible Innovation on Ideological Education in Universities Under Generative Artificial Intelligence,article
merged397,2024,The Intersection of Art and AI: Innovations in Creative Collaboration,inproceedings
merged157,2024,The Intersection of Generative AI and Healthcare: Addressing Challenges to Enhance Patient Care,inproceedings
merged145,2024,The Intersection of Scammers and Artificial Intelligence,inproceedings
merged69,2024,The Language Model Revolution: LLM and SLM Analysis,inproceedings
merged356,2024,The Legal Paradigm of Generative AI in Malaysia and India: Problems and Prospects,inproceedings
merged98,2024,The Mode and Strategy of Generative Artificial Intelligence Enabling Teaching from the Perspective of Human-Computer Collaboration,inproceedings
merged277,2024,The Potential Mechanisms and Approaches of Generative Artificial Intelligence in Oral English Education,inproceedings
merged546,2024,The Promethean Dilemma of AI at the Intersection of Hallucination and Creativity,article
merged237,2024,The Promise of AI and Generative Pre&#x2010;Trained Transformer Models in Medicine,inbook
merged403,2024,The relationship between generative artificial intelligence and cybersecurity,inproceedings
merged391,2024,The Revolution in 3D Animation Film Production Process Under Artificial Intelligence Technology,inproceedings
merged130,2024,The Rise of Artificial Intelligence: Industry Insights and Applications in Security Information and Event Management (SIEM),inproceedings
merged253,2024,The Role of Artificial Intelligence in Indian Print Media Organisations: Journalists' Perspective,inproceedings
merged527,2024,"The Role of Technology in Human Resource Management in a Post-Pandemic World: Reflecting on Artificial Intelligence, Analytics, and Diversity, Equity, and Inclusion",inproceedings
merged464,2024,The Roles and Functions of Foreign Language Teachers of China in the Context of Generative Artificial Intelligence,inproceedings
merged172,2024,The Use of Modern Generative Models of Artificial Intelligence for Organization of Knowledge Management Subsystem in Information-analytical System,inproceedings
merged476,2024,"Toward a Human-Centered Framework for Trustworthy, Safe and Ethical Generative Artificial Intelligence: A Multi-Level Analysis of Large Language Models Social Impact",inproceedings
merged340,2024,"Towards CodeBlizz: Developing an AI-Driven IDE Plugin for Real-Time Code Suggestions, Debugging, and Learning Assistance with Generative AI and Machine Learning Models",inproceedings
merged435,2024,Towards the Development of a Copyright Risk Checker Tool for Generative Artificial Intelligence Systems,article
merged109,2024,TRACING THE EVOLUTIONARY BLUEPRINT OF GENERATIVE AI,inbook
merged198,2024,Transformative Applications and Key Challenges of Generative AI,inproceedings
merged411,2024,Tribal Knowledge Cocreation in Generative Artificial Intelligence Systems,inproceedings
merged216,2024,Understanding Artificial Intelligence,inbook
merged337,2024,Unlocking the Potential of Generative AI in Large Language Models,inproceedings
merged324,2024,Unveiling Generative AI Abilities to Support Project Teams,inproceedings
merged35,2024,UNVEILING GENERATIVE AI: A NEW FRONTIER,inbook
merged204,2024,Use of Generative Artificial Intelligence in Educational Environments: An Initial Student Perspective of the Risks and Advantages,inproceedings
merged423,2024,User Experience Design Professionals’ Perceptions of Generative Artificial Intelligence,inproceedings
merged22,2024,Using Artificial Intelligence for Generative Design Through a Software Tool in a Mechatronic Course,inproceedings
merged572,2024,Using Generative AI to Design Programming Assignments in Introduction to Computer Science,article
merged485,2024,Using Generative AI to Support Non-Experts in the Creation of Immersive Experiences,inproceedings
merged79,2024,Using Generative Artificial Intelligence Tools in Software Engineering Courses,inproceedings
merged83,2024,Utilization of Generative Artificial Intelligence in Visual Effects,inproceedings
merged134,2024,Utilizing Artificial Intelligence in Higher Education: A Systematic Review,inproceedings
merged377,2024,"Where Deep Learning and Generative AI Started: Masterminds of Artificial Neural Networks—McCulloch, Pitts, and Rosenblatt",article
merged232,2024,Work-in-Progress: Course-based Undergraduate Research Experience (CURE) with Generative AI in a Computer Science Course,inproceedings
merged548,2024,Workshop on Generative AI for E-commerce,inproceedings
merged19,2024,"Workshop: Educational Innovation Through Generative Artificial Intelligence: Tools, Opportunities, and Challenges",inproceedings
merged181,2024,WorldLangAI: Convert Global Languages by Unleashing the Power of Generative AI,inproceedings
merged469,2025,"""I'd Never Actually Realized How Big An Impact It Had Until Now"": Perspectives of University Students with Disabilities on Generative Artificial Intelligence",inproceedings
merged347,2025,13 Artificial Intelligence and Natural Disasters,inbook
merged261,2025,21 The Significance of Establishing Regulatory Frameworks for Artificial Intelligence,inbook
merged189,2025,22 The Intersection of Artificial Intelligence and Operating System Design,inbook
merged346,2025,31 Artificial General Intelligence (AGI): The Quest for Human-level Machine Minds,inbook
merged260,2025,32 Super Artificial Intelligence (AI),inbook
merged369,2025,38 The Rise of the AI Whisperers: New Jobs in the Age of Generative AI,inbook
merged259,2025,41 Casual AI: The Rise of Accessible and User-friendly Artificial Intelligence,inbook
merged258,2025,46 The High Cost of Developing Advanced Artificial Intelligence,inbook
merged143,2025,A Comprehensive Overview on Artificial Intelligence Applied in Electromagnetic Design,inproceedings
merged41,2025,A Design Research of Classroom Teaching Enabled by Generative Artificial Intelligence,inproceedings
merged428,2025,A Design Scheme of STEM Digital Textbook Based on Metaverse and Generative Artificial Intelligence,inproceedings
merged286,2025,A Global Approach to Artificial Intelligence,article
merged88,2025,A Policy Framework for the Use of Generative Artificial Intelligence in Higher Education Institutions,inproceedings
merged29,2025,A power system stability evaluation method based on artificial intelligence method,inproceedings
merged51,2025,A Practical Teaching Model of Software Engineering Courses for Artificial Intelligence Literacy Cultivation in Pre-Service Teachers,inproceedings
merged393,2025,A Review of Artificial Intelligence and Data Science in Shaping Sustainable Architecture,inproceedings
merged5,2025,A Review of the Role and Impact of Generative Artificial Intelligence on Education,inproceedings
merged92,2025,A Review on the AI Techniques for Addressing Modern Cybersecurity Challenges,inproceedings
merged348,2025,A Study on Enhancing Learners’ High Awareness Ability With Generative Artificial Intelligence based on A Response Surface Methodology,inproceedings
merged107,2025,A Study on Instructional Design and Application of Information Technology Courses Based on Generative Artificial Intelligence,inproceedings
merged16,2025,A Survey on Some Artificial Intelligence Learning Tools at the University of Petra,inproceedings
merged389,2025,A Systematic Review on Incorporation of Artificial Intelligence in Precision Healthcare,inproceedings
merged392,2025,Adapting Artificial Intelligence Towards Managing Sustainable Construction,inproceedings
merged579,2025,Advanced evaluation of BIM-GenAI using OpenAI o1 and ethical considerations,inproceedings
merged500,2025,Advanced prompt engineering techniques for generative sound synthesis models,inproceedings
merged76,2025,"Advancements in Artificial Intelligence: Breakthroughs, Challenges and the Road Ahead",inproceedings
merged512,2025,AI Authorship Revisited,article
merged201,2025,AI Hallucination in the Context of Education: Exploring College Students’ Use of Generative AI for Academic Tasks,inproceedings
merged150,2025,AI Integrated Product Development: Building Sustainable Competitive Advantage,article
merged367,2025,"AI Integration in Interior Design Learning Promoting Creativity, Effectiveness and Sustainability",inproceedings
merged267,2025,AI Powered Academic Assistant Using Conversational AI,inproceedings
merged583,2025,AI-Driven VR Design: Design of an Educational Game for Aesthetic Ambience in Ancient Chinese Poetry,inproceedings
merged364,2025,American Sign Language Recognition Application,inproceedings
merged431,2025,Analysis and Research on Generative Artificial Intelligence in the Field of International Library and Information Science,inproceedings
merged461,2025,Application and Impact of Generative Artificial Intelligence Techniques in Education--Citespace-based visualization and analysis,inproceedings
merged483,2025,Application of Artificial Intelligence in Visual Resource Construction for Test Repository,inproceedings
merged404,2025,Application of Generative Artificial Intelligence for Epidemic Modeling,inproceedings
merged453,2025,Applications and Challenges of Generative Artificial Intelligence Enabling Critical Thinking Development in International Undergraduate Education,inproceedings
merged497,2025,"Art, Identity, and AI: Navigating Authenticity in Creative Practice",inproceedings
merged373,2025,Artificial Intelligence Algorithm Assisted Automatic Detection and Feedback Mechanism for University English Translation Errors,inproceedings
merged536,2025,Artificial Intelligence Avatar-Driven Virtual Simulation Training Platform for Career Entry: Explorations and Applications,inproceedings
merged511,2025,Artificial Intelligence for Software Engineering: The Journey So Far and the Road Ahead,article
merged487,2025,Artificial Intelligence Generation Content Empowering Java Framework Application Course for Software Technology Major,inproceedings
merged540,2025,Artificial Intelligence in Language Education: CiteSpace-based Visualisation and Analysis,inbook
merged155,2025,Artificial Intelligence Literacy Structure and the Factors Influencing Student Attitudes and Readiness in Central Europe Universities,article
merged521,2025,Artificial Intelligence Psychological Empowerment Among Asian Australian Immigrant Workers: Navigating Marginalization and Harnessing Artificial Intelligence's Power for Enhanced Workplace Agency,inproceedings
merged293,2025,Artificial Intelligence Techniques to Revolutionize the Marketing Strategies for Enormous Business Expansion,inproceedings
merged326,2025,Artificial Intelligence: Looking Forward 15 Years,article
merged531,2025,Artificial neural network-based model for predicting compressive strength of cemented gravels,inproceedings
merged447,2025,Assessment in CS50 with AI: Leveraging Generative Artificial Intelligence for Personalized Student Evaluation,inproceedings
merged42,2025,Audit Data Analysis and Risk Identification based on Generative Artificial Intelligence Technology,inproceedings
merged492,2025,AutoMCQ - Automatically Generate Code Comprehension Questions using GenAI,inproceedings
merged470,2025,Based on the generative artificial intelligence painting model Stable Diffusion Application and Research in Product Appearance Design,inproceedings
merged405,2025,Behavioral Analysis of Classroom Interactions Supported by Generative Artificial Intelligence,inproceedings
merged444,2025,Beyond Text-to-Text: An Overview of Multimodal and Generative Artificial Intelligence for Education Using Topic Modeling,inbook
merged185,2025,Bibliometric Analysis of Artificial Intelligence Literacy Research Status Based on Clustering,inproceedings
merged99,2025,"Brain-Inspired Learning, Perception, and Cognition: A Comprehensive Review",article
merged415,2025,CARING-AI: Towards Authoring Context-aware Augmented Reality INstruction through Generative Artificial Intelligence,inproceedings
merged568,2025,Challenges and Opportunities for Generative AI in Software Engineering: A Managerial View,inproceedings
merged412,2025,Co-designing a conversational generative artificial intelligence system for youth mental health,inproceedings
merged542,2025,Co-Intelligence in Software Engineering: Understanding and Optimizing GenAI Integration in Software Engineering for Skill Development in Time-Constrained Programming,inbook
merged278,2025,Comparing Generative AI on Employee Motivation and Job Satisfaction in Pre-Opening vs. Established Hotels,inproceedings
merged281,2025,Context-Aware AI for Real-Time Content and Quiz Recommendations in Student Learning Environments,inproceedings
merged488,2025,Controllable 3D Urban Generation via Conditional VAEs and CLIP for Simulations,inproceedings
merged526,2025,Crowdsourcing or AI Sourcing?,article
merged533,2025,Cultural Erosion or Innovation? Artisans’ Attitudes Toward AI-Generated Patterns in Chinese Traditional Subcultures,inproceedings
merged534,2025,Cultural Erosion or Innovation? Artisans’ Attitudes Toward AI-Generated Patterns in Chinese Traditional Subcultures,inproceedings
merged89,2025,Cyber Attack Prediction: From Traditional Machine Learning to Generative Artificial Intelligence,article
merged519,2025,Deep and Surface Representation of Competences in Academic Curricula: A new approach to address human consumers and formal structures using Generative AI,inproceedings
merged235,2025,Descriptor: Benchmark Dataset for Generative AI on Edge Devices (BeDGED),article
merged240,2025,Design and Application of Teaching System for College English Listening and Speaking Course Empowered by Generative Artificial Intelligence,inproceedings
merged333,2025,Design and Implementation of Dual-task Picture Information Semantic Communication Architecture Based on Generative Artificial Intelligence,inproceedings
merged56,2025,Design and Implementation of Personalized Learning System Based on Generative Artificial Intelligence,inproceedings
merged61,2025,Developing a Nonlinear Learning Agent Model Driven by Generative Artificial Intelligence,inproceedings
merged300,2025,Developing an AI Readiness Model for Software Project Management: A Thematic Analysis,inproceedings
merged101,2025,Digital Reconstruction of Historical Artworks Using Artificial Intelligence,inproceedings
merged421,2025,E-learning in the Generative Artificial Intelligence Era: Exploring the Middle Eastern context,article
merged256,2025,Energy Urban Domain: Personalized Evaluation of Expert and Non-Expert Stakeholder Interaction With Artificial Intelligence Through ChatGPT Using the VIRTSI Model,article
merged327,2025,Ethical Generative Artificial Intelligence in Design Education: A Multi-Stakeholder Framework,inproceedings
merged264,2025,Evolutionary Landscape of Artificial Intelligence in Education: Review and Prospects,inproceedings
merged401,2025,Experiencing Art Museum with a Generative Artificial Intelligence Chatbot,inproceedings
merged231,2025,Exploring Artificial Intelligence Techniques for Enhanced Accuracy in Medical Imaging and Early Disease Diagnosis,inproceedings
merged576,2025,Exploring Responsible Use of Generative AI in Disaster Resilience for Indigenous Communities,inproceedings
merged180,2025,"Exploring the Capabilities and Limitations of Generative AI Applications, Challenges, and Future Directions",inproceedings
merged343,2025,Exploring the Ethical Use of AI Technologies/Applications in Academic Environments,inproceedings
merged496,2025,Fostering Creativity: Student-Generative AI Teaming in an Open-Ended CS0 Assignment,inproceedings
merged97,2025,Fostering Human Rights in Responsible AI: A Systematic Review for Best Practices in Industry,article
merged518,2025,From Automation to Cognition: Redefining the Roles of Educators and Generative AI in Computing Education,inproceedings
merged575,2025,From Chart to QA Pairs: A Context-Aware Generation Framework for Chart-Containing Documents,inbook
merged304,2025,From ChatGPT to Sora: Analyzing Public Opinions and Attitudes on Generative Artificial Intelligence in Social Media,article
merged498,2025,From Expert Systems to Generative Artificial Experts: A New Concept for Human-AI Collaboration in Knowledge Work,article
merged413,2025,GADM '25: Proceedings of the 2025 International Conference on Generative Artificial Intelligence and Digital Media,proceedings
merged268,2025,GAI Versus Teacher Scoring: Which is Better for Assessing Student Performance?,article
merged11,2025,GAIIS '25: Proceedings of the 2025 2nd International Conference on Generative Artificial Intelligence and Information Security,proceedings
merged422,2025,Generation and Evaluation of International Chinese Teaching Resources by Generative Artificial Intelligence,inproceedings
merged380,2025,Generative 6G Network Architecture and Service: From Native AI to Native Network Generative AI,inproceedings
merged563,2025,Generative AI And New Challenges For Public Leaders: The Implications For Citizen Communications And Foundations Of Government Leadership: The Implications for Citizen Communications and Foundations of Government Leadership,article
merged535,2025,Generative AI and the Future of Democratic Citizenship,article
merged552,2025,Generative AI for Intelligent Transportation Systems: Road Transportation Perspective,article
merged290,2025,Generative AI for Predictive Safety in Smart Cities AI/ML Applications for Urban Risk Management,inproceedings
merged163,2025,Generative AI for Revolutionizing Personal Style,inproceedings
merged491,2025,Generative AI in Special Education: Teachers' Insights on Instructional Enrichment vs. Accommodations,inproceedings
merged532,2025,Generative AI Literacy: Twelve Defining Competencies,article
merged539,2025,Generative AI Tools in Higher Education: A Meta-Analysis of Cognitive Impact,inproceedings
merged481,2025,Generative AI-Based Dialogue Generation and Optimization in the Style of Traditional Chinese Opera Dream of the Red Chamber Using K-means Clustering,inproceedings
merged424,2025,Generative Artificial Intelligence (AIGC)-based Platform Economy Content Production Model and Marketing Strategy Innovation,inproceedings
merged176,2025,Generative Artificial Intelligence and Data Governance: Challenges and Frameworks in Enterprise Applications,inproceedings
merged54,2025,Generative Artificial Intelligence Based Biomedical Applications for Pharmaceutical Industry,inproceedings
merged443,2025,Generative Artificial Intelligence Empowers the Research of Digital Textbooks in Vocational Education,inproceedings
merged410,2025,Generative Artificial Intelligence Enables Multiple Learning Environments and Implementation Paths,inproceedings
merged437,2025,"Generative Artificial Intelligence for Future Education: Current Research Status, Hot Spots, and Research Trends",inproceedings
merged194,2025,"Generative Artificial Intelligence in Computer Programming: Does It Enhance Learning, Motivation, and the Learning Environment?",article
merged254,2025,Generative Artificial Intelligence in Higher Education: A Mixed-Methods Study on Faculty Usage and Perceived Impacts,inproceedings
merged14,2025,Generative Artificial Intelligence Policies under the Microscope,article
merged503,2025,Global AI Cultures,article
merged312,2025,"HAASF: a Hybrid Adaptive AI Security Framework Leveraging Reinforcement Learning, GANs, and Swarm Intelligence for Resilient IoT Ecosystems",inproceedings
merged551,2025,HAI-GEN 2025: 6th Workshop on Human-AI Co-Creation with Generative Models,inproceedings
merged175,2025,How Artificial Intelligence Can Help Cybersecurity,inbook
merged199,2025,Human Dignity and the Ethics of Artificial Intelligence: A Framework for Responsible Design and Use from the Perspective of Catholic Social Teaching,inproceedings
merged382,2025,Implementing Artificial Intelligence in a RAD Application in the Field of Industrial Automation,inproceedings
merged325,2025,Implementing Generative AI Into ERP Software,article
merged234,2025,"Improving Fine Arts Through Artificial Intelligence in Art Analysis, Production, and Restoration",inproceedings
merged269,2025,Integrating Blockchain and Artificial Intelligence for Securing Payment processes Against Fraudulent Transactions,inproceedings
merged17,2025,Integrating Generative Artificial Intelligence in Learning Analytics: Insights and Implications From Recent Studies,inproceedings
merged374,2025,"Integration of advanced Artificial Intelligence in Supply Chain Management, its Challenges and Opportunities",inproceedings
merged550,2025,Intelligent PLC Code Generation in HCPS 2.0: A Multi-dimensional Taxonomy and Evolutionary Framework,inbook
merged451,2025,Interdisciplinary Perspectives on Generative Artificial Intelligence Adoption in Higher Education: A Theoretical Framework Review,inproceedings
merged70,2025,Inverse Design Method of Antenna Based on Generative Artificial Intelligence,article
merged208,2025,Investing in Human Intelligence,inbook
merged574,2025,Learning and Assessment in the Age of GenAI,inproceedings
merged530,2025,Leveraging Large Language Models for Code Translation and Software Development in Scientific Computing,inproceedings
merged334,2025,Medical Device Safety: An Analytical International Survey of AI/ML-Enabled Medical Devices,inproceedings
merged62,2025,Mindstorms in Natural Language-Based Societies of Mind,article
merged417,2025,Modeling the Chaotic Semantic States of Generative Artificial Intelligence (AI): A Quantum Mechanics Analogy Approach,article
merged144,2025,Multi-Domain Image Translation Adversarial Network Based on Artificial Intelligence,inproceedings
merged504,2025,Multimodal Medical Image Generation and Classification via Generative Adversarial Networks,inproceedings
merged53,2025,Multimodality of AI for Education: Toward Artificial General Intelligence,article
merged402,2025,Network Security Issues Caused by Generative Artificial Intelligence,inproceedings
merged501,2025,On the Attitudes of GameDev Industry Artists towards GenAI. Preliminary Results,inproceedings
merged87,2025,Optimizing Secure AI Lifecycle Model Management With Innovative Generative AI Strategies,article
merged565,2025,Perception Data Generation via Synthesized 3D Scenes and Closed-Loop Optimization in Autonomous Driving Simulation,inproceedings
merged123,2025,Preface to the First Workshop on GenAI-XR: Generative Artificial Intelligence meets Extended Reality,inproceedings
merged554,2025,Public-Private Powerplays in Generative AI Era: Balancing Big Tech Regulation Amidst Global AI Race,article
merged252,2025,Quantitative Study on Artificial Intelligence Governance Policy Texts Under the Framework of the United Nations,inproceedings
merged416,2025,QuizWiz: Integrating Generative Artificial Intelligence in an Online Study Tool,inproceedings
merged528,2025,Report on the 2nd Workshop on Task-Focused IR in the Era of Generative AI,article
merged45,2025,Research on Artificial Intelligence Empowering the Development of the Metaverse Industry,inproceedings
merged26,2025,Research on Clothing Sketch Conversion Based on Generative Adversarial Networks,inproceedings
merged508,2025,Research on Enhancing the Generalization Ability of Generative AI Based on K-means Clustering Algorithm: Text-to-Image Task for Wind-Responsive Passive Building Facade,inproceedings
merged537,2025,Research on Personalized Insurance Intelligent Customer Service Dialogue Generation Based on Large Language Models,inbook
merged557,2025,Research on Quality Assessment and Report Generation of Power Grid Fault Datasets Based on Prompt Engineering,inproceedings
merged484,2025,Research on Security Risks and Supervision of Generative AI Large Models,inproceedings
merged516,2025,Research on the Application of Artificial Intelligence Generated Content (AIGC) Video Generation Technology in the Field of Digital Media Design and Production,inproceedings
merged127,2025,Research on the Application of Artificial Intelligence in Automatic Generation of Digital Teaching Resources,inproceedings
merged434,2025,Research on the Application of Generative Artificial Intelligence in Human-machine Cooperative Teaching,inproceedings
merged420,2025,Research on the Capacity of Generative Artificial Intelligence to Assist Higher Vocational Spoken English Teaching ——Analysis based on SPSS,inproceedings
merged452,2025,Research on the Influencing Factors of University Teachers' Acceptance of Generative Artificial Intelligence Technology,inproceedings
merged78,2025,Research on the Innovation of Computer Major Talent Cultivation Models Driven by Generative Artificial Intelligence,inproceedings
merged433,2025,Research on the Mechanism and Path of Empowering Rural Industrial Chain and Supply Chain Resilience with Generative Artificial Intelligence,inproceedings
merged494,2025,Research on the Mechanism between Public Opinion Transmission and Capital Market Response of Artificial Intelligence Technology Innovation Events: A Multilevel Network Analysis Study,inproceedings
merged440,2025,Research on the Mechanism for Enhancing Undergraduate Students' Information Security Behavior in the Context of Generative Artificial Intelligence,inproceedings
merged414,2025,Research on the Status Quo of Rural Teaching Based on Generative Artificial Intelligence,inproceedings
merged495,2025,"Research status, hotspots and trends of educational artificial intelligence research—— Based on the visual analysis of Web of Science core collection",inproceedings
merged359,2025,Responsible AI Framework for Autonomous Vehicles: Addressing Bias and Fairness Risks,article
merged354,2025,Responsible Generative AI for Software Development Life Cycle,inproceedings
merged24,2025,Revitalizing Historical Paintings through Artificial Intelligence,inproceedings
merged207,2025,Role of Artificial Intelligence in Management and Preservation of Old Text Through New Tech,inbook
merged307,2025,Saudi Arabia's Vision 2030: Leveraging Generative Artificial Intelligence to Enhance Software Engineering,inproceedings
merged529,2025,Software Verification and Generative AI Some Practical Examples and Considerations,article
merged475,2025,Study on the Role of Generative Artificial Intelligence in Advancing the Knowledge System of Traditional Chinese Medicine in Higher Education,inproceedings
merged480,2025,Synergistic Optimization Mechanism of Brain-Inspired Intelligence and Generative Models in Small Target Detection,inbook
merged432,2025,The Application of Generative Artificial Intelligence in the Teaching of Engineering Courses in Chinese Universities,inproceedings
merged509,2025,The Impact of Generative AI on Test \&amp; Evaluation: Challenges and Opportunities,inproceedings
merged378,2025,The Influence of Generative AI on Student Performance in Higher Education,inproceedings
merged441,2025,The logical transformation and realization path of generative artificial intelligence empowerment instructional design from the perspective of digital transformation,inbook
merged68,2025,The Menace of Artificial Intelligence – A Critical Analysis,inproceedings
merged490,2025,The method of cultural product design and translation in Henan region under the intervention of artificial intelligence technology,inproceedings
merged408,2025,The Mode and Practice Path of Generative Artificial Intelligence Empowerment Classroom Teaching -- Based on Grounded Theory,inproceedings
merged493,2025,The New Landscape of Social Media Content Creation: How Influencers' Adoption of Generative AI to Generate Content Disclosure Affects Consumers' Behavioral Responses,inbook
merged82,2025,The Other Side of the Artificial Intelligence Cyber Coin,inbook
merged482,2025,The potential legal risks of artificial intelligence,inproceedings
merged525,2025,The Research on the Application Modes of Intelligent Instructional Design Generation in Primary and Secondary Schools Supported by Large Models,inproceedings
merged468,2025,The Research on the Influencing Factors of College Students'Dishonest Behaviors in Online Learning in the background of Generative Artificial Intelligence,inproceedings
merged271,2025,The Rise of Artificial Intelligence in the Film Industry - A Study on Story-Writing AI Applications,inproceedings
merged386,2025,The Role of AI in Shaping Content Marketing Trends Among Millennials: An Empirical Study,inproceedings
merged40,2025,The Role of Artificial Intelligence (AI) in Interior Architecture Design: Thematic Review,inproceedings
merged125,2025,The Role of Artificial Intelligence Algorithms in Personalized Design of Visual Communication,inproceedings
merged299,2025,"The Role of Artificial Intelligence in Transforming VLSI Design, Testing, and Manufacturing",inproceedings
merged436,2025,The Use of Generative Artificial Intelligence for Upper Secondary Mathematics Education Through the Lens of Technology Acceptance,inproceedings
merged409,2025,Themes in the Declared Use of Generative Artificial Intelligence in Assessment,inproceedings
merged32,2025,Theoretical Model and Internal Mechanism of Generative Artificial Intelligence Empowering Personalized Learning,inproceedings
merged104,2025,Three-Dimensional Animation Generation and Optimization Algorithm Based on Artificial Intelligence,inproceedings
merged558,2025,Toward Privacy-Preserving Training of Generative AI Models for Network Traffic Classification,article
merged538,2025,TRCA-GAN: Tumor Representation Consistency Alignment for Cross-Subject Multimodal MRI Synthesis,inproceedings
merged407,2025,Trends and Challenges of Educational Application of Generative Artificial Intelligence,inproceedings
merged361,2025,"Trust, Support, and Adoption Intentions Towards Generative AI are Context Dependent",inproceedings
merged449,2025,Turning Real-Time Analytics into Adaptive Scaffolds for Self-Regulated Learning Using Generative Artificial Intelligence,inproceedings
merged510,2025,Understanding the Impact of Using Generative AI Tools in a Database Course,inproceedings
merged100,2025,Work in Progress: Exploring Educators’ Perceptions on Generative Artificial Intelligence in Higher Education,inproceedings
merged358,2025,XAI-PSSGAN: Perception-Enhanced Spectrum Shift Generative Adversarial Network with Explainable AI System for NIR-II Fluorescence Molecular Imaging,inproceedings
